motif_id	motif_alt_id	sequence_name	start	stop	strand	score	p-value	q-value	matched_sequence
RGGGAGAGGG	MEME-6	max_circle:3701-3752(-)	11	20	+	17.0459	5.98e-07	0.00206	ggggagaggg
CGGMTCWTTM	MEME-9	max_circle:14298-14349(-)	1	10	+	16.0656	6.5e-07	0.00229	cggctctttc
CTCKCCTTTT	MEME-3	max_circle:14298-14349(-)	34	43	+	16.5315	7.59e-07	0.00268	ctcgcctttt
AAAHCCCYAA	MEME-7	max_circle:8067-8118(-)	42	51	+	16.9214	9.58e-07	0.00338	aaacccccaa
GAGAAGGACA	MEME-8	max_circle:22586-22637(+)	32	41	+	18.8929	1.08e-06	0.00372	gagaaggaca
ATTGCTAAAT	MEME-4	max_circle:20746-20797(+)	9	18	+	18.5138	1.64e-06	0.0014	attgctaaat
ATTGCTAAAT	MEME-4	max_circle:19930-19981(+)	9	18	+	18.5138	1.64e-06	0.0014	attgctaaat
ATTGCTAAAT	MEME-4	max_circle:16873-16924(+)	10	19	+	18.5138	1.64e-06	0.0014	attgctaaat
TGTAAAAAAC	MEME-10	max_circle:19990-20041(+)	1	10	+	18.8197	1.82e-06	0.000835	tgtaaaaaac
TGTAAAAAAC	MEME-10	max_circle:20806-20857(+)	1	10	+	18.8197	1.82e-06	0.000835	tgtaaaaaac
TGTAAAAAAC	MEME-10	max_circle:16893-16944(+)	42	51	+	18.8197	1.82e-06	0.000835	tgtaaaaaac
TGTAAAAAAC	MEME-10	max_circle:19949-20000(+)	42	51	+	18.8197	1.82e-06	0.000835	tgtaaaaaac
TGTAAAAAAC	MEME-10	max_circle:20765-20816(+)	42	51	+	18.8197	1.82e-06	0.000835	tgtaaaaaac
TGTAAAAAAC	MEME-10	max_circle:18004-18055(+)	42	51	+	18.8197	1.82e-06	0.000835	tgtaaaaaac
CYYCWGTCCC	MEME-5	max_circle:8067-8118(-)	31	40	+	17.3714	1.94e-06	0.00537	cctctgtccc
AAAATTTGTA	MEME-2	max_circle:18359-18410(+)	7	16	+	18.7615	2.08e-06	0.000448	aaaatttgta
AAAATTTGTA	MEME-2	max_circle:1338-1389(+)	10	19	+	18.7615	2.08e-06	0.000448	aaaatttgta
AAAATTTGTA	MEME-2	max_circle:20765-20816(+)	17	26	+	18.7615	2.08e-06	0.000448	aaaatttgta
AAAATTTGTA	MEME-2	max_circle:17757-17808(+)	17	26	+	18.7615	2.08e-06	0.000448	aaaatttgta
AAAATTTGTA	MEME-2	max_circle:18004-18055(+)	17	26	+	18.7615	2.08e-06	0.000448	aaaatttgta
AAAATTTGTA	MEME-2	max_circle:16893-16944(+)	17	26	+	18.7615	2.08e-06	0.000448	aaaatttgta
AAAATTTGTA	MEME-2	max_circle:19949-20000(+)	17	26	+	18.7615	2.08e-06	0.000448	aaaatttgta
AAAATTTGTA	MEME-2	max_circle:17985-18036(+)	36	45	+	18.7615	2.08e-06	0.000448	aaaatttgta
AAAATTTGTA	MEME-2	max_circle:20746-20797(+)	36	45	+	18.7615	2.08e-06	0.000448	aaaatttgta
AAAATTTGTA	MEME-2	max_circle:19930-19981(+)	36	45	+	18.7615	2.08e-06	0.000448	aaaatttgta
AAAATTTGTA	MEME-2	max_circle:16873-16924(+)	37	46	+	18.7615	2.08e-06	0.000448	aaaatttgta
GAGAAGGACA	MEME-8	max_circle:8119-8170(+)	12	21	+	17.95	2.13e-06	0.00372	cagaaggaca
GGGKKGAAAA	MEME-1	max_circle:19949-20000(+)	2	11	+	15.7449	2.29e-06	0.000853	gggttgaaaa
GGGKKGAAAA	MEME-1	max_circle:16893-16944(+)	2	11	+	15.7449	2.29e-06	0.000853	gggttgaaaa
GGGKKGAAAA	MEME-1	max_circle:18004-18055(+)	2	11	+	15.7449	2.29e-06	0.000853	gggttgaaaa
GGGKKGAAAA	MEME-1	max_circle:20765-20816(+)	2	11	+	15.7449	2.29e-06	0.000853	gggttgaaaa
GGGKKGAAAA	MEME-1	max_circle:17757-17808(+)	2	11	+	15.7449	2.29e-06	0.000853	gggttgaaaa
GGGKKGAAAA	MEME-1	max_circle:20746-20797(+)	21	30	+	15.7449	2.29e-06	0.000853	gggttgaaaa
GGGKKGAAAA	MEME-1	max_circle:17985-18036(+)	21	30	+	15.7449	2.29e-06	0.000853	gggttgaaaa
GGGKKGAAAA	MEME-1	max_circle:19930-19981(+)	21	30	+	15.7449	2.29e-06	0.000853	gggttgaaaa
GGGKKGAAAA	MEME-1	max_circle:16873-16924(+)	22	31	+	15.7449	2.29e-06	0.000853	gggttgaaaa
CTCKCCTTTT	MEME-3	max_circle:14251-14302(+)	9	18	+	15.3153	3.01e-06	0.00531	ctctcctttt
CYYCWGTCCC	MEME-5	max_circle:14298-14349(-)	12	21	+	17.3	3.04e-06	0.00537	ctccagtccc
ATTGCTAAAT	MEME-4	max_circle:17985-18036(+)	9	18	+	15.9541	4.37e-06	0.0028	atggctaaat
RGGGAGAGGG	MEME-6	max_circle:3701-3752(-)	23	32	+	14.9541	5.06e-06	0.00626	ggggagagga
GGGKKGAAAA	MEME-1	max_circle:6587-6638(+)	38	47	+	14.8878	5.37e-06	0.0018	ggggagaaaa
RGGGAGAGGG	MEME-6	max_circle:14241-14292(-)	42	51	+	14.8991	5.44e-06	0.00626	ggggggcggg
AAAHCCCYAA	MEME-7	max_circle:14251-14302(+)	20	29	+	15.4071	8.49e-06	0.015	aaatccctaa
ATTGCTAAAT	MEME-4	max_circle:22586-22637(+)	16	25	+	12.9633	9.15e-06	0.00469	attactaagt
RGGGAGAGGG	MEME-6	max_circle:3626-3677(-)	6	15	+	13.6055	1.47e-05	0.0111	agggggcggg
GGGKKGAAAA	MEME-1	max_circle:14120-14171(-)	9	18	+	13.7143	1.54e-05	0.00468	ggggggagaa
RGGGAGAGGG	MEME-6	max_circle:14107-14158(-)	12	21	+	13.0459	1.94e-05	0.0111	atggggaggg
RGGGAGAGGG	MEME-6	max_circle:14120-14171(-)	25	34	+	13.0459	1.94e-05	0.0111	atggggaggg
AAAATTTGTA	MEME-2	max_circle:1788-1839(+)	1	10	+	10.1468	2.85e-05	0.00522	ataatttgta
AAAATTTGTA	MEME-2	max_circle:2940-2991(+)	26	35	+	10.1468	2.85e-05	0.00522	aatatttgta
RGGGAGAGGG	MEME-6	max_circle:4992-5043(+)	34	43	+	12.6789	2.94e-05	0.0145	agggagaagg
CTCKCCTTTT	MEME-3	max_circle:6587-6638(+)	15	24	+	12.018	4.4e-05	0.0397	cacccatttt
GGGKKGAAAA	MEME-1	max_circle:12537-12588(-)	28	37	+	12.0306	4.47e-05	0.0125	ggggagaaag
CTCKCCTTTT	MEME-3	max_circle:3862-3913(-)	14	23	+	12.009	4.5e-05	0.0397	ctggcatttt
TGTAAAAAAC	MEME-10	max_circle:18359-18410(+)	34	43	+	11.3115	5.21e-05	0.0205	tgtaaaaaat
RGGGAGAGGG	MEME-6	max_circle:14390-14441(+)	4	13	+	11.8257	5.34e-05	0.0221	gggaggcggg
GGGKKGAAAA	MEME-1	max_circle:3701-3752(-)	23	32	+	11.6633	5.49e-05	0.0141	ggggagagga
RGGGAGAGGG	MEME-6	max_circle:5155-5206(+)	34	43	+	11.5688	5.77e-05	0.0221	agagagagga
GGGKKGAAAA	MEME-1	max_circle:14427-14478(+)	3	12	+	11.4592	6.33e-05	0.0141	ggggggaacc
GGGKKGAAAA	MEME-1	max_circle:14390-14441(+)	40	49	+	11.4592	6.33e-05	0.0141	ggggggaacc
GGGKKGAAAA	MEME-1	max_circle:8082-8133(+)	28	37	+	11.2857	6.98e-05	0.0146	gaggagaaaa
AAAHCCCYAA	MEME-7	max_circle:8067-8118(-)	13	22	+	9.56429	8.75e-05	0.103	aaatcctcaa
GGGKKGAAAA	MEME-1	max_circle:5155-5206(+)	8	17	+	10.7143	9.4e-05	0.0181	ggagggaaga
GGGKKGAAAA	MEME-1	max_circle:5275-5326(+)	1	10	+	10.6429	9.71e-05	0.0181	gcggagaaaa

# FIMO (Find Individual Motif Occurrences): Version 5.0.5 compiled on Aug  6 2019 at 07:48:46
# The format of this file is described at http://meme-suite.org/doc/fimo-output-format.html.
# fimo --norc --oc /mnt/d/projects/BME1063_HW3/results/6-fimo_counts/R2 /mnt/d/projects/BME1063_HW3/results/4-meme_result/R1_10/meme.txt /mnt/d/projects/BME1063_HW3/results/2-peak_region_fasta/R2.fasta
